Document_Name,File_Type,Character_Count,Document_Type,Classification_Confidence,Classification_Reason,Primary_Entity,Reference_Number,Document_Date,Due_Date,Amount,Priority,Summary,Route_To,Routing_Reason,Review_Required,Review_Reason,Processed_At
ambiguous_document_001.txt,.txt,200,Manual Review,Low,Document did not contain enough reliable classification signals.,,2026-0824-A,,,,,Document could not be confidently classified.,Manual Review,Low classification confidence.,Yes,Low classification confidence; Document routed to manual review,2026-08-26 21:44:10
contract_001.txt,.txt,448,Contract,High,Matched 6 classification signals for Contract.,Vertex Technology Solutions / Crescent Health Services,,2026-09-01,,6500.0,,"Service agreement between Vertex Technology Solutions / Crescent Health Services for 12 months at $6,500.00 per month.",Legal / Contract Management,Contract requires legal and contract review.,Yes,Contract requires legal review,2026-08-26 21:44:10
general_document_001.txt,.txt,413,General Document,High,Matched 5 classification signals for General Document.,,,2026-08-21,,,,Weekly Reporting Process,Operations,General business document routed to Operations.,No,No manual review required,2026-08-26 21:44:10
invoice_001.txt,.txt,262,Invoice,High,Matched 5 classification signals for Invoice.,Northstar Technology LLC,INV-10482,2026-08-12,2026-09-12,8450.0,,"Invoice INV-10482 from Northstar Technology LLC for $8,450.00",Accounts Payable,Invoice routed to Accounts Payable.,No,No manual review required,2026-08-26 21:44:10
invoice_002.txt,.txt,259,Invoice,High,Matched 5 classification signals for Invoice.,Blue Ridge Services,INV-22107,2026-08-18,2026-09-17,3275.5,,"Invoice INV-22107 from Blue Ridge Services for $3,275.50",Accounts Payable,Invoice routed to Accounts Payable.,No,No manual review required,2026-08-26 21:44:10
purchase_order_001.txt,.txt,293,Purchase Order,High,Matched 6 classification signals for Purchase Order.,Pioneer Manufacturing,PO-77831,2026-08-14,2026-09-01,8825.0,,"Purchase order PO-77831 for Pioneer Manufacturing valued at $8,825.00.",Procurement,Purchase order routed to Procurement.,No,No manual review required,2026-08-26 21:44:10
purchase_order_002.txt,.txt,285,Purchase Order,High,Matched 6 classification signals for Purchase Order.,Evergreen Retail Systems,PO-88510,2026-08-20,2026-09-05,10950.0,,"Purchase order PO-88510 for Evergreen Retail Systems valued at $10,950.00.",Procurement + Manager Approval,Purchase order exceeds approval threshold.,Yes,Amount requires manager approval,2026-08-26 21:44:10
support_request_001.txt,.txt,319,Support Request,High,Matched 5 classification signals for Support Request.,Oakline Partners,SUP-44218,,,,High,High priority support request from Oakline Partners: The automated financial report did not refresh this morning. The dashboard is showing yesterday's data.,Priority Support Queue,High-priority support request.,Yes,High-priority support request,2026-08-26 21:44:10
support_request_002.txt,.txt,305,Support Request,High,Matched 5 classification signals for Support Request.,Atlas Medical Group,SUP-55903,,,,Medium,Medium priority support request from Atlas Medical Group: Several incoming CSV files were rejected during the nightly reporting process due to unexpected column names.,Support Operations,Support request routed to standard support queue.,No,No manual review required,2026-08-26 21:44:10
